Unnamed: 0,str_time,HEDG,HEDG_CVARB,HEDG_DEDSH,HEDG_EMMKT,HEDG_EQNTR,HEDG_EVDRV,HEDG_DISTR,HEDG_MSEVD,HEDG_MRARB,HEDG_FIARB,HEDG_GLMAC,HEDG_LOSHO,HEDG_MGFUT,HEDG_MULTI
1993-12-31,12/31/1993,100,100,100,100,100,100,100,100,100,100,100,100,100,
1994-01-31,1/31/1994,101.14,100.36,98.4,110.54,99.48,103.68,103.94,103.6,100.57,101.3,100.17,101.2,100.22,
1994-02-28,2/28/1994,97,100.51,100.37,109.28,99.72,103.52,103.59,103.71,100.13,99.27,94.51,98.7,101.42,
1994-03-31,3/31/1994,93.54,99.54,107.59,104.24,99.48,102.18,101.69,102.85,101.99,97.6,90.47,94.85,104.06,100
1994-04-30,4/30/1994,91.91,97.03,108.97,95.53,99.73,101.51,100.97,102.26,101.01,97.4,89.03,93.37,104.95,102.58
1994-05-31,5/31/1994,93.96,96.04,111.42,94.83,99.62,101.36,100.12,102.97,101.26,98.17,92.41,93.9,105.75,99.02
1994-06-30,6/30/1994,93.2,96.24,118.49,95.28,100.32,101.23,99.17,103.82,101.44,97.78,91.56,91.73,110.14,102.59
1994-07-31,7/31/1994,93.53,96.37,117.09,100.82,99.32,101.78,100.96,102.82,102.02,97.6,91.24,92.91,109.03,100.3
1994-08-31,8/31/1994,96.12,96.33,110.46,117.37,98.34,102.61,103.02,102.08,103.74,97.51,93.75,94.43,108.74,97.05
1994-09-30,9/30/1994,96.76,95.18,112.2,123.47,97.42,103.38,104.16,102.41,104.13,98.19,93.98,94.67,110.95,96.43
1994-10-31,10/31/1994,95.45,93.89,111.74,119.14,97.06,102.63,103.8,101.12,104.34,99.06,91.89,94.93,112.26,97.96
1994-11-30,11/30/1994,95.84,93.73,115.13,117.45,96.77,101.54,101.31,101.64,104.98,99.74,93.81,92.22,114.11,95.3
1994-12-31,12/31/1994,95.64,91.93,114.91,112.51,98,100.75,100.67,100.62,105.25,100.31,94.28,91.9,111.95,97.1
1995-01-31,1/31/1995,93.76,91.36,116.42,101.28,98.46,101.26,101.11,100.89,106.94,100.58,91.95,91.22,111.86,99.44
1995-02-28,2/28/1995,94.18,92.44,113.81,93.3,99.39,103.7,104.03,102.87,108.95,101.23,92.01,93.99,110.44,99.67
1995-03-31,3/31/1995,97.46,93.66,114.24,88.16,102.29,104.58,107.07,101.6,109.64,100.78,97.49,94.75,120.89,101.52
1995-04-30,4/30/1995,98.87,95.8,113.82,94.55,104.61,106.78,110.05,104.08,109.15,102.82,98.38,96.04,120.49,103.25
1995-05-31,5/31/1995,99.87,97.38,112.4,95.82,105.04,107.99,112.21,104.58,109.82,104.89,99.35,97.99,114.83,101.96
1995-06-30,6/30/1995,100.24,99.23,104.63,96.57,106.64,109.39,114.82,104.51,112.09,105.44,98.67,101.43,108.24,103.8
1995-07-31,7/31/1995,103.01,100.08,98.42,98.71,107.23,111.85,119.26,105.25,113.84,106.62,100.88,106.65,111.54,103.14
1995-08-31,8/31/1995,109.19,100.85,99.23,99.68,107.96,113.57,120.41,107.98,114.52,107.44,111.57,109.06,111.18,104.17
1995-09-30,9/30/1995,109.6,101.98,96.32,101.55,107.34,115.69,122.28,110.73,115.83,108.56,111.79,110.27,100.78,105.98
1995-10-31,10/31/1995,109.48,103.3,102.44,95.8,107.64,115.39,120.68,111.68,116.02,109.8,112.91,108.26,99.71,105.11
1995-11-30,11/30/1995,112.92,105.69,101.45,92.8,107.95,116.69,122.22,112.46,117.97,111.65,118.41,110.74,99.44,107.77
1995-12-31,12/31/1995,116.38,107.16,106.46,93.49,108.82,119.23,126.97,113.61,117.78,112.85,123.2,113.06,104,108.63
1996-01-31,1/31/1996,124.49,109.38,107.13,100.84,111.1,123.39,132.17,117.59,118.98,114.46,136.09,115.29,106.93,109.03
1996-02-29,2/29/1996,120.02,110.67,101.09,100.27,112.87,124.11,132.65,118.26,120.85,115.67,126.47,116.85,102.12,109.28
1996-03-31,3/31/1996,121.29,112.33,100.21,99.34,114.73,125.63,134.38,119.79,121.61,116.56,128.01,118.26,102.23,109.25
1996-04-30,4/30/1996,125.07,113.83,93.56,104.37,116.21,128.86,137.99,122.88,124.04,118.13,131.85,123.16,105.42,111.13
1996-05-31,5/31/1996,127.48,115.64,93.58,109.08,117.54,131,139.5,125.75,125.39,119.42,134.47,125.78,103.32,113.32
1996-06-30,6/30/1996,129.7,117.32,98.34,114.93,117.82,132.31,140.44,127.61,125.74,120.91,138.82,123.85,103.53,116.62
1996-07-31,7/31/1996,124.34,118.91,108.01,111.85,118.53,132.63,139.98,128.37,127.06,122.53,129.14,119.14,103.63,118.64
1996-08-31,8/31/1996,127.42,120.47,104.31,115.83,120.28,135.5,143.81,130.76,128.62,123.81,132.92,121.97,104.44,119.5
1996-09-30,9/30/1996,130.61,121.82,98.12,117.65,121.87,138.52,147.89,132.96,131.39,125.63,136.92,125.02,107.8,120.67
1996-10-31,10/31/1996,134.99,123.58,102.34,119.65,123.22,140.45,150.55,134.54,131.98,127.09,144.19,127.43,113.83,120.93
1996-11-30,11/30/1996,141.8,125.25,99.33,122.76,125.68,144.02,155.99,137.08,132.57,128.58,155.91,131.34,118.62,121.16
1996-12-31,12/31/1996,142.24,126.31,100.63,125.74,126.88,146.73,159.41,139.41,134.05,130.83,154.72,132.42,116.45,123.9
1997-01-31,1/31/1997,150.04,127.61,98.76,137.63,130.9,150.1,163.27,142.66,135.77,132.76,167.42,137.04,119.94,125.79
1997-02-28,2/28/1997,151.99,129.31,101.23,148.22,133.48,152.33,166.79,144.13,136.07,134.22,170.46,134.88,121.66,128.74
1997-03-31,3/31/1997,149.84,130.53,109.36,147.07,131.95,152.6,167.42,144.24,135.5,135.19,166.76,131.82,120.5,129.42
1997-04-30,4/30/1997,154.12,131.86,108.48,149.96,133.54,153.11,168.29,144.93,133.24,136.87,176.69,131.83,117.26,130.15
1997-05-31,5/31/1997,155.48,134.08,101.43,154.41,137.58,157.57,174.1,148.82,134.98,138.25,173.12,138.61,116.37,131.58
1997-06-30,6/30/1997,158.99,136.88,100.58,164.93,139.21,160.25,176.06,151.92,138.2,139.45,176.76,141.77,116.62,133.25
1997-07-31,7/31/1997,170.11,139.77,94.22,175.58,143.75,165.99,182.28,157.89,139.87,140.97,194.67,151.73,123.26,134.62
1997-08-31,8/31/1997,167.97,142.21,94.15,169.18,142.43,165.56,180.63,158.09,140.67,142.12,189.97,152.67,114.3,136.32
1997-09-30,9/30/1997,174.68,143.68,91.02,173.89,145.01,169.7,185.99,161.68,142.75,143.75,198.76,161.69,118.45,139.59
1997-10-31,10/31/1997,171.82,144.34,97.16,160.23,146.19,170.46,188.25,161.6,142.78,141.48,195.01,160.33,117.59,143.95
1997-11-30,11/30/1997,173.54,143.16,100.01,152.61,145.63,172.72,191.72,163.16,144.34,142.04,201.76,158.38,116.79,145
1997-12-31,12/31/1997,179.13,144.6,101.05,159.17,145.69,176.02,192.46,168.03,147.24,143.05,212.13,160.84,120.08,146.55
1998-01-31,1/31/1998,176.96,145.82,99.99,149.78,147.01,179.07,199.7,167.69,146.44,141.85,207.51,159.35,121.12,146.99
1998-02-28,2/28/1998,180.42,148.2,93.1,152.77,149.73,183.65,205.29,171.33,152.02,143,207.94,168.33,120.78,149.26
1998-03-31,3/31/1998,191.14,150.31,90.85,158.31,152.68,188.2,207.9,177.87,155.64,145.3,229.06,176.8,122.06,151.59
1998-04-30,4/30/1998,192.96,152.22,91.63,158.03,153.13,189.58,208.97,179.47,158.19,145.28,232.66,178.81,117.14,154.33
1998-05-31,5/31/1998,193.47,153.21,101.61,142.58,155.14,187.31,206.03,177.49,158.55,144.98,240.51,175.79,120.95,156.22
1998-06-30,6/30/1998,196.54,152.64,99.23,135.91,155.87,185.83,206.66,173.93,157.71,143.42,248.39,181.76,122.05,156.59
1998-07-31,7/31/1998,198.3,153.43,101.93,136.02,155.71,185.91,207.47,173.46,157.12,144.11,252.85,182.86,120.68,157.68
1998-08-31,8/31/1998,183.33,146.31,125.08,104.7,154.38,164.02,181.63,153.47,147.45,142,240.62,161.95,132.69,159.49
1998-09-30,9/30/1998,179.1,141.59,118.85,96.95,155.84,159.16,179.03,146.2,146.49,136.69,228.29,167.57,141.8,160.4
1998-10-31,10/31/1998,170.91,134.97,108.52,98.58,159.7,160.21,180.62,146.58,150.02,127.17,201.92,170.49,143.51,152.77
1998-11-30,11/30/1998,173.23,137.75,100.79,103.19,163.06,164.64,186.34,150.11,153.08,129.14,199.73,176.87,140.92,155.75
1998-12-31,12/31/1998,178.48,138.23,94.99,99.23,165.08,167.44,189.23,152.94,155.46,131.38,204.4,188.47,144.87,157.8
1999-01-31,1/31/1999,179.91,141.37,88.17,96.33,166.22,170.58,193.44,155.66,153.11,133.88,198.52,197.84,140.32,160.38
1999-02-28,2/28/1999,177.56,143.1,93.1,97.46,167.24,170.5,193.57,155.56,151.02,135.91,195.35,191.62,139.56,162.4
1999-03-31,3/31/1999,179.73,144.59,91.45,104.7,169.49,174.58,199.17,158.37,154.89,137.73,191.45,198.83,138.07,162.76
1999-04-30,4/30/1999,184.45,147.68,88.02,111.49,172.92,179.94,205.42,163.07,160.14,139.98,194.87,205.38,141.75,163.24
1999-05-31,5/31/1999,184.69,150.47,88.4,110.12,175.41,183.85,210.41,166.1,164.09,141.21,194.77,203.69,137.6,163.86
1999-06-30,6/30/1999,190.74,151.69,86.31,115.52,178.78,189.23,215.65,172.03,166.1,142.27,200.65,213.17,141.4,160.5
1999-07-31,7/31/1999,191.24,153.35,86.29,113.73,181.75,191.72,219.87,173.19,166.36,142.97,196.81,216.45,140.38,162.12
1999-08-31,8/31/1999,189.51,153.7,90.02,110.7,183.77,191.93,220.29,173.11,167.69,142.38,191.21,215.87,139.93,163.72
1999-09-30,9/30/1999,188.9,155.84,91.59,109.98,184.17,193.92,224.11,173.3,171.31,143.43,185.12,217.16,142.46,163.79
1999-10-31,10/31/1999,193.38,156.93,93.28,114,185.68,194.6,223.43,174.96,174.3,144.74,189.64,226.7,135.6,163.94
1999-11-30,11/30/1999,202.98,158.97,87.24,124.59,188.58,198.57,226.89,179.74,175.21,145.87,197.99,245.55,134.9,168.38
1999-12-31,12/31/1999,220.29,160.4,81.48,143.7,190.39,204.71,231.2,188.11,176.03,147.29,216.28,277.49,138.07,172.6
2000-01-31,1/31/2000,220.07,164.55,84.53,141.51,193.1,205.76,232.18,189.34,176.3,148.08,211.04,278.94,138.08,175.97
2000-02-29,2/29/2000,234.35,170.1,77.22,150.06,194.63,210.5,233.31,197.64,182.51,148.92,220.39,310.02,135.18,179.3
2000-03-31,3/31/2000,229.39,175.99,72.63,154.71,198.99,211.77,233.67,199.98,182.6,148.7,214.98,297.68,133.41,183.16
2000-04-30,4/30/2000,218.78,182.27,74.29,142.7,201.85,210.22,230.59,199.01,185.91,150.09,203.47,275.48,130.37,184.85
2000-05-31,5/31/2000,216.22,185.81,78.85,136.8,204.8,210.27,230.6,198.95,187.18,150.12,208.19,265.97,131.13,186.46
2000-06-30,6/30/2000,224.14,189.47,73.34,144.37,208.52,214.34,235.25,202.76,189.86,151.51,210.94,282.28,129.66,190.43
2000-07-31,7/31/2000,224.39,192.23,75.97,145.21,211.08,215.41,234.69,204.73,192.86,152.35,214.76,280.49,127,189.87
2000-08-31,8/31/2000,232,195.47,70.48,151.48,214.1,219.1,238.84,208.18,195.89,153.37,221.04,294.22,128.56,191.09
2000-09-30,9/30/2000,231.05,199.41,77.45,141.19,213.81,220.44,238.1,210.87,197.86,154.52,219.11,292.12,124.26,192.31
2000-10-31,10/31/2000,228.53,201.59,82.21,137.7,215.55,220.34,237.88,210.77,198.56,154.97,221.87,284.71,125.21,188.81
2000-11-30,11/30/2000,224.99,200.64,93.52,132.69,216.16,218.65,235.36,209.34,199.12,156.06,229.92,273.88,133.57,189.28
2000-12-31,12/31/2000,230.97,201.52,94.32,135.77,218.92,219.57,235.7,210.39,201.89,156.56,241.52,283.25,143.93,191.9
2001-01-31,1/31/2001,233.15,206.93,92.97,141.67,223.58,224.98,242.51,215.02,205.74,158.79,249.53,281.6,143.88,195.04
2001-02-28,2/28/2001,231.78,211.31,100.66,137.57,225.58,228.55,247.16,217.91,208.8,159.63,252,274.79,144.09,195.51
2001-03-31,3/31/2001,231,214.31,104.66,135.8,227.66,228.82,250.56,216.06,209.49,160.02,258.9,269.47,151.12,195.69
2001-04-30,4/30/2001,232.59,216.92,96.79,135.1,230.93,230.94,253.05,218.06,210.53,162.13,260.69,271.55,142.82,198.21
2001-05-31,5/31/2001,234.51,218.41,94.15,138.33,232.41,233.49,259.17,218.68,213.28,162.97,266.28,272.63,144.01,199.41
2001-06-30,6/30/2001,235.88,218.7,93.94,140.59,233.09,235.89,266.05,218.91,212.37,163.79,269.03,273.78,142.8,198.85
2001-07-31,7/31/2001,235.83,221.07,97.83,136.44,233.6,237.01,268.7,219.21,213.81,165.28,270.89,271.82,143.02,200
2001-08-31,8/31/2001,237.99,224.38,101.42,134.96,235.95,240.69,272.05,223.17,215.97,166.34,273.59,273.04,146.62,201.86
2001-09-30,9/30/2001,236.01,226.04,104.37,129.05,235.84,236.98,269.91,218.97,210.24,166.64,276.79,268.76,151.97,200.87
2001-10-31,10/31/2001,237.05,228.55,99.18,131.87,237.54,240.19,276.26,220.94,210.22,169.22,280.05,266.62,157.13,202.17
2001-11-30,11/30/2001,238.33,230.17,93.78,137.09,239.49,242.22,278.35,222.94,211.93,168.76,279.02,269.56,143.58,202.93
2001-12-31,12/31/2001,241.17,230.9,90.94,143.7,239.3,244.81,282.86,224.67,213.36,169.15,285.92,272.91,146.66,202.45
2002-01-31,1/31/2002,242.47,233.48,91.87,147.66,239.58,247.71,287.32,227.1,213.97,170.9,293.46,271.27,144.8,202.39
2002-02-28,2/28/2002,241.11,226.13,94.56,151.93,239.65,246.87,285.52,227.01,211.35,172.39,295,268.59,141.33,201.84
2002-03-31,3/31/2002,242.89,226.08,89.4,157.93,241.57,249.8,289.02,229.7,213.47,173.48,294.43,271.04,140.05,203.25
2002-04-30,4/30/2002,244.82,228.82,91.23,158.12,242.84,251.64,291.58,231.14,215.35,175.82,299.43,272.69,137.79,204.87
2002-05-31,5/31/2002,246.47,229.35,92.32,156.96,245.97,251.93,292.12,231.34,215.42,178.36,301.77,274.87,142.63,206.61
2002-06-30,6/30/2002,244.39,228.59,99.36,151.07,247.25,244.56,281.06,225.27,212.91,179.52,306.06,271.41,154.94,206.79
2002-07-31,7/31/2002,241.1,225.04,103.74,149.27,251.79,236.97,269.06,219.89,207.09,181.46,312.64,263.39,164.42,204.82
2002-08-31,8/31/2002,243.14,226.38,102.1,151.15,253.22,237.61,269.82,220.86,204.55,183.7,316.46,266.04,169.94,206.53
2002-09-30,9/30/2002,243.33,229.48,110.37,148.16,253.14,237.14,269.15,220.59,203.41,181.61,318.85,264.79,176.92,208.27
2002-10-31,10/31/2002,243.23,231.85,109.64,151.69,254.17,236.72,267.21,220.8,204.47,177.49,321.13,265.01,168.02,210.36
2002-11-30,11/30/2002,245.89,236.31,103.18,155.09,254.95,242.8,277.65,225.32,204.9,176.55,325.07,266.53,164.51,214.07
2002-12-31,12/31/2002,248.51,240.24,107.44,154.27,257.05,245.2,280.9,227.42,205.98,178.88,327.84,268.55,173.55,215.23
2003-01-31,1/31/2003,251.68,247.49,104.51,153.58,257.84,250.76,289.66,231.92,205.17,181.14,334.49,268.36,184.08,218.39
2003-02-28,2/28/2003,253.38,250.94,102.7,155.15,257.69,252.34,292.24,233.37,203.71,182.94,340.76,267.79,195.92,218.62
2003-03-31,3/31/2003,254.04,253.32,103.96,156.7,259.73,254.88,295.73,235.82,203.16,183.7,338.52,268.93,183.97,220.28
2003-04-30,4/30/2003,259.01,256.92,97.35,162.79,260.78,261.29,305.39,240.61,206.24,186,345.82,275.48,186.52,223.69
2003-05-31,5/31/2003,266.04,261.45,92.04,170.95,263.97,267.43,312.33,246.32,211.51,188.38,356.07,285.62,196.11,228.08
2003-06-30,6/30/2003,268.25,259.82,86.51,174.41,265.19,272.25,320.53,249.47,213.1,189.02,361.89,287.87,191.78,230.6
2003-07-31,7/31/2003,268.47,258.92,84.73,175.38,266.99,274.83,324.18,251.48,214.13,187.17,361.51,288.65,186.51,231.39
2003-08-31,8/31/2003,270.51,256.56,83.51,180.61,267.15,277.19,327.49,253.08,216.61,187.56,366.22,291.64,188.48,233.09
2003-09-30,9/30/2003,274.61,261.62,83.16,185.4,269.97,282.18,334.74,256.81,218.67,189.73,377.36,295.18,185.46,237.01
2003-10-31,10/31/2003,278.39,266,76.87,189.58,271.78,286.51,341.36,259.63,221.31,190.6,377.7,302.43,186.9,239.87
2003-11-30,11/30/2003,281.39,269.33,75.42,191.8,272.69,289.98,345.49,263.11,222.25,191.6,379.77,307.56,187.9,241.99
2003-12-31,12/31/2003,286.89,271.22,72.42,198.63,275.23,294.29,351.45,266.51,224.47,193.14,386.82,314.93,198.08,247.61
2004-01-31,1/31/2004,291.78,275.06,71.17,203.66,277.48,300.64,359.94,271.86,226.33,195.51,392.42,321.22,200.23,251.58
2004-02-29,2/29/2004,295.86,275.85,71.41,206.5,279.66,303.49,363.13,274.71,227.46,197.21,397.08,326.84,214.02,252.56
2004-03-31,3/31/2004,296.7,277,69.58,210.27,279.34,304.86,365.26,275.5,229.11,196.25,400.95,327.5,212.17,253.59
2004-04-30,4/30/2004,294.97,278.27,72.52,203.31,278.38,306.43,367.68,276.79,227.78,198.88,401.52,322.9,198.47,254.39
2004-05-31,5/31/2004,294.29,274.58,73.07,199.64,278.96,306.72,368.62,276.55,228.78,200.14,401.71,321.73,196.39,254.06
2004-06-30,6/30/2004,295.3,272.5,72.16,201.38,281.3,309.67,372.52,279.13,229.35,201.56,403.65,323.84,190.82,254.28
2004-07-31,7/31/2004,294.38,271.96,78.02,201.1,282.18,309.68,374.46,278.19,225.86,202.98,406.98,319.24,187.1,253.54
2004-08-31,8/31/2004,294.78,272.72,79.01,204.79,288.2,311.08,376.56,279.24,226.26,202.15,403.91,319.52,184.23,254.57
2004-09-30,9/30/2004,297.77,272.53,77.5,209.57,289.75,315.02,381.21,283,227.69,200.57,401.95,327.06,187.85,256.02
2004-10-31,10/31/2004,301.59,271.75,76.12,214.59,289.83,318.92,388.29,285.08,229.79,202.85,406.86,331.78,196.91,257.53
2004-11-30,11/30/2004,309.58,274.68,70.25,220.36,290.58,329.36,398.66,296.15,233.63,205.13,416.69,342.53,208.39,262.96
2004-12-31,12/31/2004,314.55,276.58,66.83,223.43,293.07,336.86,406.33,303.92,236.71,206.38,419.68,351.35,209.9,266.26
2005-01-31,1/31/2005,313.49,274.38,71.48,225.95,294.11,337.54,408.55,303.7,236.49,206.57,422.59,348.4,198.58,266.28
2005-02-28,2/28/2005,317.98,273.54,73.91,233.52,297.1,342.9,414.87,308.8,237.57,208.45,428.49,355.48,198.73,268.97
2005-03-31,3/31/2005,317.49,269.07,76.47,229.14,298.37,344.87,417.57,310.46,237.79,209.02,430.69,351.43,199.47,269.29
2005-04-30,4/30/2005,314.2,260.64,80.73,229.79,297.72,342.66,417.32,306.99,236.5,207.7,429.62,345.99,192.59,266.34
2005-05-31,5/31/2005,314.66,256.59,75.96,231.34,296.7,344.56,417.88,309.73,237.26,205.13,429.91,347.74,199.57,263.86
2005-06-30,6/30/2005,318.77,259.05,75.8,235.98,297.33,349,422.95,314.01,239.13,204.07,432.15,354.38,207.99,266.98
2005-07-31,7/31/2005,324.9,263.48,74.54,241.4,298.3,356.91,429.91,322.95,240.22,206.11,436.65,363.86,209.61,273.01
2005-08-31,8/31/2005,327.77,265.37,76.39,246.93,300.87,359.95,434.2,325.4,241.67,207.16,439.74,367.95,207.78,275.86
2005-09-30,9/30/2005,333.1,268.3,78.68,257.11,303.57,363.81,439.6,328.66,242.22,207.4,450.41,375.39,210.64,280.31
2005-10-31,10/31/2005,328.25,268.12,80.76,249.96,306.1,357.2,439.16,318.47,239.5,207.95,446.53,366.8,206.5,277.42
2005-11-30,11/30/2005,333.11,266.96,79.75,256.03,306.64,361.76,446.31,321.74,241.93,206.74,451.35,374.95,215.11,281.02
2005-12-31,12/31/2005,338.48,269.53,78.19,262.28,311.05,367.02,454.05,325.84,243.99,207.68,458.5,385.37,209.66,286.33
2006-01-31,1/31/2006,349.4,276.95,75.86,277.4,315.41,377.73,465.48,336.65,247.96,210.63,473.94,401.47,215.35,294.23
2006-02-28,2/28/2006,350.58,280.22,76.16,281.73,316.99,379.02,466.45,338.09,249.39,210.75,479.76,402.03,209.71,296.26
2006-03-31,3/31/2006,356.97,284.38,73.63,285.6,322.11,384.69,474.53,342.65,251.81,211.95,484.86,411.88,218.27,302.34
2006-04-30,4/30/2006,364.88,286.51,73.08,296.51,328.61,391.41,481.74,349.55,252.57,216.3,498.74,421.51,224.64,307.12
2006-05-31,5/31/2006,360.14,288.69,77.02,281.64,331.3,391.07,483.62,348.03,252.2,218.05,495.75,409.55,218.57,306.78
2006-06-30,6/30/2006,359.76,289.7,80.99,281.24,332.21,393.99,487.28,350.74,252.71,219.41,497.91,405.41,214.12,306.79
2006-07-31,7/31/2006,360.79,291.98,83.33,286.84,336.39,394.14,486.84,351.11,253.87,219.94,504.7,405.21,208.92,307.37
2006-08-31,8/31/2006,363.87,294.93,82.73,290.91,337.42,398.28,492.44,354.72,254.77,219.89,500.8,411.45,211.82,309.16
2006-09-30,9/30/2006,364.34,298.32,80.16,289.61,338.11,400.65,494.91,357.16,255.32,219.85,500.88,411.8,209.38,310.16
2006-10-31,10/31/2006,370.79,300.36,76.75,297.9,339.42,409.57,508.04,364.6,254.9,221.48,506.3,420.83,213,315.14
2006-11-30,11/30/2006,378.47,303.55,72.56,307.29,342.72,418.12,516.11,373.3,262.58,224.06,513.57,431.79,217.73,322.25
2006-12-31,12/31/2006,385.41,308.06,73.02,316.03,345.74,424.74,524.79,379.22,263.87,225.67,520.55,440.78,226.54,327.96
2007-01-31,1/31/2007,390.53,311.75,74.11,316.29,347.85,433.5,533.76,388.44,264.4,225.95,527.26,445.86,231.67,333.53
2007-02-28,2/28/2007,393.42,315.36,74.68,319.87,349.47,440.22,540.23,395.49,267.44,228.69,529.87,449.02,221.53,337.53
2007-03-31,3/31/2007,398.28,317.5,74.22,326.14,355.24,445.79,547.11,400.47,270.9,230.74,536.26,457.41,215.9,340.3
2007-04-30,4/30/2007,406.33,319.29,72.19,333.44,358.84,452.55,555.68,406.22,276.73,233.05,545.43,470.69,224.57,346.06
2007-05-31,5/31/2007,415.71,323.1,70.6,339.19,361.53,467.21,567.24,423.72,276.84,233.62,555.18,481.56,236.1,353.99
2007-06-30,6/30/2007,418.95,323.99,71.45,345.4,363.56,470.61,572.64,426.31,276.83,234.12,561.93,483.56,243.25,355.29
2007-07-31,7/31/2007,418.93,320.38,76.55,354.22,365.03,475.16,571.24,433.99,278.01,229.52,567.32,480.24,231.6,354.38
2007-08-31,8/31/2007,412.52,316.91,75.68,345.83,363.6,466.24,561.35,425.17,276.2,227.53,563.82,473.62,220.93,349.43
2007-09-30,9/30/2007,423.68,323.14,71.94,362.34,368.34,473.7,567.75,432.89,285.08,231.74,586.95,489.3,232.27,355.63
2007-10-31,10/31/2007,437.08,330.17,70.15,382.21,373.87,487.47,575.78,449.51,291.15,234.41,602.89,507.57,241.69,366.37
2007-11-30,11/30/2007,431.81,325.28,77.38,375.13,375.97,479.29,568.28,440.8,288.83,233.82,601.87,498.88,239.39,362.21
2007-12-31,12/31/2007,433.82,323.98,77.43,380.07,377.78,480.8,568.63,443.01,287.01,234.31,610.92,500.98,240.16,361.1
2008-01-31,1/31/2008,427.4,322.26,81.83,369.91,380.4,469.06,558.96,429.98,286.73,234.97,638.05,480.67,250.08,354.58
2008-02-29,2/29/2008,434.26,318.09,81.1,376.5,384.46,473.03,559.91,435.41,290.35,233.43,664.25,490.55,266.61,353.64
2008-03-31,3/31/2008,425.1,299.22,85.04,364.09,384.5,464.91,554.07,425.78,295.04,218.43,652.97,480.43,265.19,346.94
2008-04-30,4/30/2008,427.53,302.53,78.83,364.71,385.71,467.28,555.41,428.67,297.64,222.95,642.6,491,259.49,349.23
2008-05-31,5/31/2008,436.07,307.08,79.51,372.5,389.96,476.12,563.74,438.08,297.11,225.76,654.18,505.31,263.22,353.43
2008-06-30,6/30/2008,436.05,305.96,86.68,366.58,392.1,475.4,560.88,438.47,296.74,224.7,667.27,498.59,275.84,353.61
2008-07-31,7/31/2008,424.68,299.4,89.26,356.17,391.87,463.36,546.34,427.38,295.57,223.86,649.67,481.48,264.25,344.89
2008-08-31,8/31/2008,418.43,297.41,85.24,341.94,389.57,462.64,545.97,426.53,292.13,222.3,640.79,471.3,257.7,340.54
2008-09-30,9/30/2008,391.02,260.96,80.06,311.39,384.09,436.03,517.69,400.2,281.93,207.19,598.28,434.47,256.24,315.52
2008-10-31,10/31/2008,366.39,228.1,87.79,268.95,377.08,413.85,488.38,381.13,273.31,178.11,567.56,403.48,268.96,293.63
2008-11-30,11/30/2008,351.2,223.82,90.46,263.92,224.54,400.56,463.96,372.86,273.26,168.13,576.3,397.78,277.61,280.04
2008-12-31,12/31/2008,351.08,221.62,88.94,264.49,225.47,395.52,452.18,371.03,277.63,166.79,582.69,401.98,284.19,275.79
2009-01-31,1/31/2009,354.92,234.29,92.22,264.12,228.05,398.64,451.93,375.97,278.68,167.59,596.27,401.28,282.61,285.03
2009-02-28,2/28/2009,351.78,236.04,95.19,258.57,215.25,394.12,446.52,371.75,280.6,169.28,597.54,395.92,282.15,284.77
2009-03-31,3/31/2009,354.08,238.73,89.98,264.36,217.61,394.76,447.05,372.35,285.22,172.23,597.7,403.27,276,285.84
2009-04-30,4/30/2009,360.04,249.51,81.37,278.03,220.42,400.6,455.09,377.09,287.26,175.55,598.86,413.52,267.05,292.25
2009-05-31,5/31/2009,374.66,264,80.92,297.37,228.42,417.5,473.99,393.34,292.57,183.16,607.68,435.16,269.33,304.75
2009-06-30,6/30/2009,376.27,274.69,79.33,299.42,227.95,421.74,480.82,396.14,295.16,186.51,602.52,435,263.08,309.69
2009-07-31,7/31/2009,385.82,290.63,73.57,310.89,232.02,431.56,491.62,405.7,298.46,193.31,613.24,448.02,261.96,318.96
2009-08-31,8/31/2009,391.71,300.47,72.33,314.2,235.07,440.93,502.03,414.76,301.3,197.92,618.52,454.36,264.38,323.51
2009-09-30,9/30/2009,403.62,310.19,68.52,329.73,237.33,453.69,519.01,425.21,306.11,203.4,635.64,469.03,272.24,332.76
2009-10-31,10/31/2009,404.13,316.9,71.8,332.7,236.5,455.65,522.69,426.1,306.59,207.35,636.99,463.35,266.33,336.48
2009-11-30,11/30/2009,412.64,319.45,69.65,337.25,236.68,465.51,533.54,435.72,309.76,210.9,659.42,472.24,279.5,339.7
2009-12-31,12/31/2009,416.28,326.55,66.68,343.91,234.61,476.13,546.91,445,310.94,212.5,650,480.23,265.52,343.7
2010-01-31,1/31/2010,416.98,329.73,66.86,341.28,234.84,482.88,557.97,449,312.19,216.79,656.95,473.03,255.41,345.64
2010-02-28,2/28/2010,419.82,331.27,64.72,339.75,231.66,484.99,559.6,451.54,313.14,216.95,664.17,479.28,260.03,347.59
2010-03-31,3/31/2010,429.14,338.08,60.44,352.95,232.91,498.81,574.39,465.39,315.29,220.08,666.71,493.63,271.08,352.6
2010-04-30,4/30/2010,434.46,343.79,58.09,356.51,233.91,508.24,584.08,475.1,314.99,223.94,677.74,495.05,276.21,355.97
2010-05-31,5/31/2010,422.45,335.15,61.48,341.24,226.18,492.63,569.45,458.31,310.2,222.17,673.49,474.61,265.09,348.18
2010-06-30,6/30/2010,418.89,335.19,64.83,341.14,223.93,484.87,563.19,449.3,310.52,224.22,677.29,464.78,266.21,345.35
2010-07-31,7/31/2010,425.54,342.62,62.55,353.15,227.68,492.44,569.38,457.84,315.51,226.92,681.7,476.53,262.23,351.1
2010-08-31,8/31/2010,426.54,347.25,65.77,353.58,224.16,490.46,565.72,456.76,316.5,229.74,691.8,471.2,275,351.14
2010-09-30,9/30/2010,441.18,351.09,58.35,370.46,232.36,506.16,577.45,475.17,323.82,233.3,710.64,495.2,282.62,360.93
2010-10-31,10/31/2010,449.66,358.04,56.25,378.65,234.53,515.25,585.07,485.48,321.81,235.87,722.14,505.12,294.74,368.24
2010-11-30,11/30/2010,448.83,358.17,54.92,377.23,228.64,516,586.99,485.66,317.18,237.62,718.41,507.43,282.63,369.35
2010-12-31,12/31/2010,461.86,362.31,51.7,382.9,232.62,536.26,603.01,508.88,320.8,239.08,737.58,524.79,297.96,375.62
2011-01-31,1/31/2011,465.04,370.13,51.27,381.42,236.79,545.93,614.44,517.74,323.67,243.09,731.91,526.19,295.53,383.06
2011-02-28,2/28/2011,471.47,380.85,49.54,381.17,238.02,553.81,619.71,527.45,326.24,245.36,741.28,535.24,303.2,388.38
2011-03-31,3/31/2011,472.05,378.54,48.66,389.26,240.66,552.38,619.08,525.51,328.18,244.6,742.41,536.76,294.82,391.46
2011-04-30,4/30/2011,480.56,378.76,47.36,398.3,248.77,558.67,626.12,531.46,333.88,246.86,760.7,545.89,310.75,394.8
2011-05-31,5/31/2011,475.96,378.84,48.4,393.9,246.21,555.28,626.17,526.26,330.37,247.39,755.94,536.73,296.95,394.62
2011-06-30,6/30/2011,469.48,375.59,49.16,391.34,245.5,543.29,621.76,510.05,330.23,247.53,747.53,528.75,287.82,392.08
2011-07-31,7/31/2011,472.71,375.05,50.64,397.87,245.05,539.07,620.13,504.58,327.69,248.9,766.42,526.58,299.42,394.47
2011-08-31,8/31/2011,461.84,368.55,53.96,385.33,242.86,510.13,592.8,474.4,324.67,248.22,781.05,503.18,300.16,386.84
2011-09-30,9/30/2011,447.06,362.04,58.52,356.55,237.48,484.31,573.38,445.23,319.39,247.76,780.51,476.91,297.81,377.67
2011-10-31,10/31/2011,454.79,366.3,52.91,369.76,244.03,496.7,584.77,458.13,325.5,248.11,781.92,498.15,282.73,385.41
2011-11-30,11/30/2011,451.21,364.12,52.82,359.83,244.26,491.48,577.75,453.68,324.62,249.34,781.7,490.78,283.23,381.98
2011-12-31,12/31/2011,450.23,366.39,53.69,357.31,243.06,487.52,577.45,448.02,323.37,250.29,785.06,486.44,285.47,382.51
2012-01-31,1/31/2012,460.75,375.04,49.62,370.67,243.48,501.19,591.33,461.58,326.5,253.22,794.64,505.45,288.74,391.97
2012-02-29,2/29/2012,468.17,382.09,47.31,381.49,246.73,509.12,602.49,468.19,329.52,255.76,800.89,518.81,292.22,398.73
2012-03-31,3/31/2012,468.4,384.21,46.67,378.82,246.35,513.13,611.41,470.28,330.12,257.65,797.48,521.41,283.56,400.51
2012-04-30,4/30/2012,468.22,383.31,45.49,379.4,245.34,511.97,612.26,468.37,328.58,259.43,795.5,518.99,284.79,402.84
2012-05-31,5/31/2012,461.99,380.1,49.6,365.03,237.54,505.19,604.64,461.99,323.56,260.05,797.05,495.5,291.58,398.13
2012-06-30,6/30/2012,460.14,381.35,48.25,364.54,239.74,504.28,603.27,461.23,325.29,262.02,786.12,497.21,281.2,400.05
2012-07-31,7/31/2012,466.68,384.64,48.04,368.05,238.79,508.03,608.99,464.26,323.62,266.27,802.96,499.94,294.37,405.18
2012-08-31,8/31/2012,470.6,386.32,46,371.16,241.77,514.01,614.35,470.4,325.31,268.99,805.99,507.51,289.8,410.69
2012-09-30,9/30/2012,475.5,387.86,44.26,379.37,243.12,522.57,625.27,478.03,326.65,272.37,810.82,515.48,285.82,413.98
2012-10-31,10/31/2012,474.65,388.83,44.23,380.7,242.09,527.35,631.68,482.22,324.15,274.74,804.9,514.41,272.56,415.4
2012-11-30,11/30/2012,477.7,389.69,44.04,384.88,243.04,528.91,633.32,483.71,327.55,276.05,810.7,518.16,274.15,419.56
2012-12-31,12/31/2012,484.78,395.05,42.74,394.03,245.13,539.36,645.39,493.43,332.5,277.93,821,526.36,277.11,425.31
2013-01-31,1/31/2013,494.8,402.98,40.51,407.63,250.02,550.95,656.28,505.21,332.4,280.87,828.24,545.01,284.52,434.11
2013-02-28,2/28/2013,495.98,402.71,39.84,409.62,246.81,553.46,663.09,506.15,332.2,282.24,830.68,545.66,282.33,435.78
2013-03-31,3/31/2013,501.99,405.62,39.08,411.86,246.93,565.13,677.57,516.69,333.51,283.95,838.74,553.2,287.24,438.49
2013-04-30,4/30/2013,508.95,406.19,37.73,418.55,249.42,571.89,686.64,522.53,335.67,284.91,853.56,560.16,297.3,443.26
2013-05-31,5/31/2013,511.08,411.46,37.16,417.71,250.41,584.9,702.95,534.2,338.34,284.94,853.12,566.83,282.49,444.9
2013-06-30,6/30/2013,502.62,410.1,37.46,406.69,251.83,577.23,696.88,526.02,338.92,281.69,831.95,563.28,267.17,441.61
2013-07-31,7/31/2013,507.05,409.77,35.31,406.32,256.91,585.97,706.01,534.49,342.29,282.77,834.14,574.28,264.33,446.74
2013-08-31,8/31/2013,504.3,412.71,35.32,405.34,252.48,585.72,702.61,535.36,342.32,283.36,826.43,567.88,257,447.1
2013-09-30,9/30/2013,510.72,413.68,33.37,410.52,254.77,594.22,712.28,543.34,345.1,284.8,833.36,582.87,256.62,453.46
2013-10-31,10/31/2013,518.86,417.5,32.82,418.79,257.75,602.81,723.19,551.01,347.05,286.54,841.81,597.7,264.21,461.5
2013-11-30,11/30/2013,525.65,416.65,32.33,423.33,264.42,612.92,734.37,560.62,347.41,287.96,850.48,608.75,269.74,465.48
2013-12-31,12/31/2013,531.93,418.88,32.08,428.76,267.85,622.78,748.63,568.84,348.76,288.48,856.49,619.71,270.02,473.09
2014-01-31,1/31/2014,530.41,427.65,31.73,419.01,268.07,624.57,751.63,570.18,350.48,291.36,847.46,619.23,260.78,476.9
2014-02-28,2/28/2014,539.51,428.25,30.57,426.53,268.76,641.72,766.97,587.74,353.73,293.27,853.29,637.07,263.22,483.61
2014-03-31,3/31/2014,536.9,429.2,30.74,420.1,267.18,640.82,771.6,584.93,351.31,294.47,851.21,629.51,258.43,482.34
2014-04-30,4/30/2014,535.79,430.6,31.9,417.66,265.3,641,774.48,584.13,353.23,295.76,851.31,623.04,259.52,480.28
2014-05-31,5/31/2014,541.85,428.37,31.55,423.3,264.58,647.84,785.72,589.36,355.22,297.1,860.02,632.42,267.54,484.57
2014-06-30,6/30/2014,547.04,428.58,30.03,428.12,266.44,658.59,796.8,599.8,359.72,298.28,864.56,638.79,271.65,486.75
2014-07-31,7/31/2014,545.35,428.83,30.63,430.06,264.57,654.68,795.28,595.21,354.68,299.16,864.47,632.62,268.86,487.4
2014-08-31,8/31/2014,550.14,427.61,29.67,431.41,264.53,655.47,791.45,597.49,355.46,299.7,874.28,640.81,282.36,491.45
2014-09-30,9/30/2014,550.08,424.66,31.06,432.03,263.78,646.51,785.88,587.63,350.15,300.96,879.02,639.67,287.23,496.28
2014-10-31,10/31/2014,545.68,417.04,29.82,427.2,264.98,632.53,770.44,574.44,341.92,300.67,870.97,639.71,292.43,493.85
2014-11-30,11/30/2014,553.85,416.64,30.01,434.5,266.49,636.04,771.52,578.65,343.87,301.29,885.36,651.78,314.37,499.86
2014-12-31,12/31/2014,553.92,411.86,30.28,435.31,264.66,632.57,767.72,575.33,344.15,301.09,883.12,654.08,319.61,501.9
2015-01-31,1/31/2015,558.39,410.99,30.85,438.18,263.69,626.22,759.68,569.65,341.24,298.66,906.87,655.94,338.86,507.86
2015-02-28,2/28/2015,564.29,414.91,29.08,437.99,258.67,640.28,769,584.87,346.35,300.88,910.69,668.97,334.95,511.51
2015-03-31,3/31/2015,567.67,413.77,28.99,441.25,258.13,642.61,769.71,587.67,346.49,300.65,922.56,666.13,342.99,516.89
2015-04-30,4/30/2015,567.79,425.07,27.87,456.09,257,648.07,774.06,593.29,349.28,302.54,915.65,666.03,328.28,516.94
2015-05-31,5/31/2015,572.48,427.29,27.64,457.79,259.57,653.55,776.43,599.47,352.99,303.99,922.18,680.34,325.51,520.31
2015-06-30,6/30/2015,564.96,424.08,27.59,447.5,263.59,645.47,766.99,591.96,352.39,303.35,905.97,677.2,306.6,518.15
2015-07-31,7/31/2015,569.89,419.68,28.66,438.51,265.06,646.64,761.35,595.08,349.72,304.26,917.43,687.49,319.88,523.33
2015-08-31,8/31/2015,558.56,418.69,30.91,425.95,267.58,628.47,750.36,575.3,347.36,304.15,893.28,674.34,311.06,520.78
2015-09-30,9/30/2015,550.69,417.63,32.39,422.56,269.24,606.85,740.05,551,342.81,302.78,879.28,666.78,319.99,518.55
2015-10-31,10/31/2015,553.59,421.55,30.58,434.2,267.65,607.71,737.82,552.71,342.79,302.18,890.63,678.23,312.06,518.91
2015-11-30,11/30/2015,554.72,418.46,29.58,434.87,264.89,600.59,732.25,545.34,341.11,302.41,903.19,677.4,323.71,520.09
2015-12-31,12/31/2015,550.01,415.19,31,434.36,269.13,592.8,727.06,536.96,345.58,302.86,884.69,677.33,316.63,521.17
2016-01-31,1/31/2016,542.25,407.03,33.94,419.39,265.97,574.75,717.18,516.96,347.62,300.57,879.69,658.51,329.36,518.66
2016-02-29,2/29/2016,536.37,406.65,32.9,415.74,264.03,564.33,708.88,506.13,348.35,297.42,866.04,646.94,340.01,514.31
2016-03-31,3/31/2016,537.9,413.57,30.72,429.01,268.15,566,712.9,507.01,352.92,299.17,864.94,651.28,330.39,518.13
2016-04-30,4/30/2016,539.72,419.71,29.39,434.22,265.82,575.46,724.47,515.74,352.1,303.41,867.1,646.7,320.33,520.21
2016-05-31,5/31/2016,541.65,422.15,29.2,433.29,266.38,581.3,730.29,521.46,353.8,303.76,865.14,655.63,310.09,525.09
2016-06-30,6/30/2016,541.1,424.51,28.78,436.62,259.65,578.12,726.78,518.39,354.96,302.23,871.07,643.37,323.07,524.54
2016-07-31,7/31/2016,547.3,430.8,26.46,444.43,261.89,586.93,734.54,527.31,356.95,305.48,873.61,651.73,328.26,530.14
2016-08-31,8/31/2016,549.85,436.21,25.58,452.41,262.16,594.73,741.83,535.04,360.77,307.8,875.16,654.59,318.12,534.77
2016-09-30,9/30/2016,550.53,440.76,25.31,454.97,263.79,595.24,746.79,534.24,363.14,310.11,876.13,655.45,312.64,537.92
2016-10-31,10/31/2016,549.55,441.07,26.32,456.74,263.07,594.75,755.21,531.25,361.05,311.41,889.4,649.37,299.59,538.48
2016-11-30,11/30/2016,551.55,440.89,25.68,454.54,258.1,601.31,763.29,537.24,363.77,312.98,906.56,648.54,294.38,535.69
2016-12-31,12/31/2016,556.86,442.6,25.77,453.76,256.8,608.7,773.48,543.69,365.95,315.84,916.34,654.11,294.97,544.16
2017-01-31,1/31/2017,560.76,448.42,25,463.45,261.97,616.89,783.04,551.43,365.87,318.88,913.8,661.45,290.69,548.54
2017-02-28,2/28/2017,566.18,453.49,,468.13,259.04,623.49,790.31,557.65,369.47,321.18,916.83,670.45,297.64,553.63
2017-03-31,3/31/2017,568.41,452.55,,473.13,262.28,624.89,790.7,559.37,370.36,323.16,918.57,676.73,291.96,559.17
2017-04-30,4/30/2017,570.86,453.88,,478.29,262.72,628.51,798.74,561.3,374.28,324.35,913.12,686.77,290.37,563.79
2017-05-31,5/31/2017,575.53,454.27,,482.2,261.98,634.57,803.18,567.83,378.49,327.21,908.65,698.78,291.63,572.25
2017-06-30,6/30/2017,572.72,453.48,,485.74,263.23,631.7,803.64,563.64,380.47,328.39,902.27,697.44,282.04,571.99
2017-07-31,7/31/2017,580.54,459.02,,495.97,272.37,639.54,809.08,572.07,386.94,331.24,914.36,710.67,285.67,576.38
2017-08-31,8/31/2017,583.95,457.72,,504.6,275,635.02,810.54,565.58,384.91,333.05,917.61,716.56,293.58,580.65
2017-09-30,9/30/2017,583.06,460.76,,512.83,274.77,637.45,816.15,566.91,386.8,329.1,918.74,718.31,285.77,579.87
2017-10-31,10/31/2017,590.53,462.66,,522.12,273.15,638.97,820.48,567.54,386.86,331.81,926.04,733.03,300.04,583.42
2017-11-30,11/30/2017,591.12,460.22,,524.64,271.95,637.24,817.35,566.41,384.88,333.41,926.78,735.7,299.76,584.12
2017-12-31,12/31/2017,596.49,464.78,,530.32,278.49,647.07,829.74,575.52,387.16,336.43,935.98,741.83,304.68,581.3
2018-01-31,1/31/2018,612.67,473.24,,549.23,284.24,657.47,841.16,585.5,391.43,339.35,965.26,764.92,318.88,598.09
2018-02-28,2/28/2018,599.66,468.82,,541.83,279.6,648.88,836.3,576.15,386.28,340.69,946.05,750.19,294.97,585.22
2018-03-31,3/31/2018,599.28,468.67,,536.68,280.53,645.46,832.7,572.86,384.91,342.33,941.31,749.31,294.18,590.93
2018-04-30,4/30/2018,599.59,469.5,,533.17,282.06,648.01,833.14,576.1,383.4,343.56,942.41,751.31,292.41,589.13
2018-05-31,5/31/2018,601.24,466.85,,534.08,279.03,651.39,831.74,580.72,384.47,340.83,956.94,754.15,289.19,591.27
2018-06-30,6/30/2018,599.86,465.07,,513.39,278.73,655.61,836.97,584.45,387.99,341.4,953.28,746.7,293.32,591.76
2018-07-31,7/31/2018,602.02,466.97,,514.14,278.72,659.69,844.56,587.7,386.54,342.84,955.08,757.37,290.02,589.75
2018-08-31,8/31/2018,602.77,465.28,,499.19,279.1,660.81,844.79,588.89,389.29,343.86,948.13,757.74,297.28,593.9
2018-09-30,9/30/2018,603.39,469.33,,492.42,278.07,662.36,843.55,591.13,391.17,344.59,951.45,758.17,295.17,597.53
2018-10-31,10/31/2018,587.87,462.86,,479.85,272.25,644.34,835.86,570.17,385.34,343.77,938.28,724.21,284.91,586.19
2018-11-30,11/30/2018,584.42,462.3,,482.68,260.55,641.71,833.09,567.33,387.65,341.77,932.11,725.46,282.09,578.39
2018-12-31,12/31/2018,577.46,454.26,,476.42,264.56,621.54,816.56,545.65,387.83,340.13,934.94,707.58,284.36,575.19
2019-01-31,1/31/2019,587.68,467.28,,494.2,268.28,637.21,826.48,562.84,393.38,343.83,944.84,732.59,279.12,580.78
2019-02-28,2/28/2019,594.02,470.06,,513.21,268.87,647.51,834.77,573.9,394.34,346.42,944.92,743.19,280.66,585.41
2019-03-31,3/31/2019,600.5,471.45,,515.54,271.29,652.35,834.15,580.37,395.24,347.59,959.35,745.42,293.49,592.53
2019-04-30,4/30/2019,608.66,476.66,,516.64,264.79,664.65,852.2,591.16,397.15,348.81,972.77,759.11,301.35,598.72
2019-05-31,5/31/2019,602.57,474.98,,504.4,269.26,657.2,838.76,585.42,395.61,349.47,964.34,741.19,299.51,598.49
2019-06-30,6/30/2019,614.61,477.32,,522.8,270.61,667.86,846.83,596.98,398.01,351.81,1003.03,754.71,307.37,605.01
2019-07-31,7/31/2019,619.03,476.2,,531.79,270.03,666.54,834.41,598.85,397.75,352.26,1012.69,760.2,318.22,606.68
2019-08-31,8/31/2019,618.18,474.81,,505.31,268.79,658.27,820.7,591.98,396.55,350.86,1015.99,756.41,331.6,610.99
2019-09-30,9/30/2019,616.22,475.38,,501.31,265.91,657.94,817.49,592.2,398.91,352.8,1024.32,755.47,318.21,609.12
2019-10-31,10/31/2019,618.33,476.02,,517.83,266.26,656.76,819.85,589.53,402.32,355.05,1018.46,765.76,308.65,612.88
2019-11-30,11/30/2019,621.22,480.96,,518.06,264.73,660.65,818.23,595.23,402.54,356.82,1016.63,775.76,309.3,613.39
2019-12-31,12/31/2019,631.24,491.27,,540.16,268.74,672.6,827.91,607.95,406.79,360.87,1032.03,793.68,309.98,616.9
2020-01-31,1/31/2020,632.26,491.89,,541.8,265.61,673.27,832.87,607.22,407.73,363.13,1032.07,787.4,313.86,623.36
2020-02-29,2/29/2020,619.67,497.17,,538.77,262.8,654.12,821.52,585.01,404.85,363.75,1011.03,761.44,309.25,613.64
2020-03-31,3/31/2020,574.54,465.19,,483.46,254.6,566.03,738.61,493.82,379.14,340.07,948.49,705.04,310.08,576.94
2020-04-30,4/30/2020,588.49,474.12,,503.01,258.78,590.6,759.41,519.1,392.82,333.59,975.69,735.51,307.35,586.06
2020-05-31,5/31/2020,603.12,482.72,,514.75,258.29,607.44,765.6,539.45,398.24,340.27,996.89,765.52,305.56,598.31
2020-06-30,6/30/2020,610.14,492.41,,547.36,263.17,621.69,780.31,553.11,407.62,349.36,992.29,774.04,301.12,599.71
2020-07-31,7/31/2020,626.24,510.73,,571.45,274.58,632.5,778.4,565.94,417.07,355.64,1035.26,786.45,309.64,617.73
2020-08-31,8/31/2020,637.03,517.77,,579.77,274.39,652.79,792.79,587.85,420.28,359.88,1054.84,807.41,304.88,623.44
2020-09-30,9/30/2020,631.1,519.82,,574.3,271.32,651.51,787.32,586.96,424,362.02,1037.62,795.3,298.21,620.18
2020-10-31,10/31/2020,628.16,522.38,,563.44,270.04,649.45,785.79,584.64,424.6,364.83,1026.41,790.31,297.75,618.92
2020-11-30,11/30/2020,646.94,537.14,,587.13,268.5,693.29,840.02,624.92,444.91,368.89,1052.34,821.96,299.93,625.25
2020-12-31,12/31/2020,671.4,541.61,,606.25,273.27,719.35,859.53,649.99,471.81,373.99,1099.47,856.05,315.75,651.47
2021-01-31,1/31/2021,669.89,548.89,,629.68,273.05,729.42,861.82,659.19,492.45,378.99,1102.96,832.08,311.97,648.3
2021-02-28,2/28/2021,685.53,560.55,,636.21,277.02,752.38,892.41,680.56,498.95,380.37,1113.01,869.93,321.69,657.75
2021-03-31,3/31/2021,690.56,556.02,,622.26,275.74,764.73,912.88,694.08,481.02,381.93,1129.73,876.34,322.84,665.05
2021-04-30,4/30/2021,708.46,559.98,,641.43,282.33,779.38,928.51,707.25,493.57,386.65,1169.78,903.47,331.51,679.87
